{
  "2000 BLOCK  HOLLY AVE": [
    38.975338,
    -92.3087935
  ],
  "FORUM BLVD/W GREEN MEADOWS RD": [
    null,
    null
  ],
  "SCOTT BLVD/SMITH DR": [
    null,
    null
  ],
  "700 BLOCK  E BROADWAY": [
    38.951483,
    -92.329526
  ],
  "700 BLOCK  BLUE RIDGE RD": [
    38.982988,
    -92.3301096
  ],
  "800 BLOCK  MOUNT VERNON AVE": [
    38.9592504,
    -92.3154404
  ],
  "600 BLOCK  E WALNUT ST": [
    38.9524286,
    -92.3299821
  ],
  "2000 BLOCK  E BROADWAY": [
    38.9483681,
    -92.3089643
  ],
  "2000 BLOCK  W BROADWAY": [
    38.953721,
    -92.369879
  ],
  "1900 BLOCK  JUNIPER CIR": [
    38.9069027,
    -92.3113098
  ],
  "400 BLOCK  HITT ST": [
    38.9378993,
    -92.3251469
  ],
  "SCOTT BLVD/ROLLINS RD": [
    null,
    null
  ],
  "N STADIUM BLVD OFFR WB/N STADIUM BLVD": [
    null,
    null
  ],
  "1800 BLOCK  HOLLY AVE": [
    38.975427,
    -92.312067
  ],
  "2600 BLOCK  ROLLINS RD": [
    38.9461431,
    -92.377525
  ],
  "2900 BLOCK  PARIS RD": [
    38.9804806,
    -92.2934846
  ],
  "2300 BLOCK  PARIS RD": [
    38.970927,
    -92.304489
  ],
  "0 BLOCK  E FOREST AVE": [
    38.9630457,
    -92.3362857
  ],
  "1600 BLOCK  HANOVER BLVD": [
    38.9686478,
    -92.2800349
  ],
  "YALE/HARVARD": [
    null,
    null
  ],
  "2100 BLOCK  N STADIUM BLVD": [
    38.9766218,
    -92.3707053
  ],
  "2400 BLOCK  W BROADWAY": [
    38.9541747,
    -92.3753718
  ],
  "1200 BLOCK  W BUSINESS LOOP 70": [
    null,
    null
  ],
  "1200 BLOCK  INTERNATIONAL DR": [
    39.0057423,
    -92.3226576
  ],
  "2000 BLOCK  W ASH ST": [
    38.957216,
    -92.369191
  ],
  "N PROVIDENCE RD/VANDIVER DR": [
    null,
    null
  ],
  "S COLLEGE AVE/UNIVERSITY AVE": [
    null,
    null
  ],
  "BASS PRO DR/CENTERSTATE DR": [
    null,
    null
  ],
  "7500 BLOCK  WELLFORD CT": [
    null,
    null
  ],
  "CLARK LN/DAWN RIDGE RD": [
    null,
    null
  ],
  "2700 BLOCK  QUAIL DR": [
    38.96906,
    -92.296979
  ],
  "3400 BLOCK  WHITNEY CT": [
    38.91916,
    -92.396722
  ],
  "0 BLOCK  HOMINY TRL": [
    38.9570813,
    -92.2745358
  ],
  "PARIS RD/EAST BROWN STATION RD": [
    null,
    null
  ],
  "1300 BLOCK  E PRATHERSVILLE RD": [
    39.0151203,
    -92.314887
  ],
  "600 BLOCK  E BROADWAY": [
    38.9512208,
    -92.3305118
  ],
  "100 BLOCK  THIRD AVE": [
    null,
    null
  ],
  "5100 BLOCK  CLARK LN": [
    38.963161,
    -92.256588
  ],
  "N PROVIDENCE RD/E BROADWAY": [
    null,
    null
  ],
  "3800 BLOCK  VILLAGE PARK DR": [
    38.9084785,
    -92.3115304
  ],
  "500 BLOCK  LOCUST ST": [
    38.9494374,
    -92.3260454
  ],
  "1900 BLOCK  BERNADETTE DR": [
    38.9653528,
    -92.3712777
  ],
  "3500 BLOCK  I70 DR SE": [
    null,
    null
  ],
  "100 BLOCK  N KEENE ST": [
    38.9511945,
    -92.290422
  ],
  "2200 BLOCK  CLARK LN": [
    38.963616,
    -92.2921357
  ],
  "PARIS RD OFFR NB/PARIS RD": [
    null,
    null
  ],
  "5500 BLOCK  VOLUNTEER DR": [
    38.9502178,
    -92.2541956
  ],
  "5000 BLOCK  DERBY RIDGE DR": [
    39.003111,
    -92.312586
  ],
  "2100 BLOCK  RANDOM RDG": [
    38.9279402,
    -92.2699305
  ],
  "2200 BLOCK  W WORLEY ST": [
    38.9611814,
    -92.3725761
  ],
  "5700 BLOCK  FALLOW CT": [
    38.992534,
    -92.250067
  ],
  "4300 BLOCK  S PROVIDENCE RD": [
    38.9028177,
    -92.334926
  ],
  "1400 BLOCK  WINDSOR ST": [
    38.953808,
    -92.319432
  ],
  "N HWY 63 SB/PARIS RD": [
    null,
    null
  ],
  "200 BLOCK  W BUSINESS LOOP 70": [
    null,
    null
  ],
  "700 BLOCK  SAGEMOOR DR": [
    38.9395352,
    -92.271981
  ],
  "1600 BLOCK  STEAMBOAT LN": [
    38.908781,
    -92.31535
  ],
  "7500 BLOCK  E ST CHARLES RD": [
    null,
    null
  ],
  "N HWY 63 NB/E PRATHERSVILLE RD OFFR NB": [
    null,
    null
  ],
  "ROCK QUARRY RD/E NIFONG BLVD": [
    null,
    null
  ],
  "100 BLOCK  E FOREST AVE": [
    38.962948,
    -92.336262
  ],
  "1100 BLOCK  N PROVIDENCE RD": [
    38.964002,
    -92.333751
  ],
  "1500 BLOCK  RIVA RIDGE CT": [
    38.995511,
    -92.316285
  ],
  "1800 BLOCK  GORDON ST": [
    38.961224,
    -92.311953
  ],
  "100 BLOCK  N TENTH ST": [
    null,
    null
  ],
  "2200 BLOCK  W ASH ST": [
    38.957281,
    -92.3719363
  ],
  "2700 BLOCK  FORUM BLVD": [
    38.924029,
    -92.365039
  ],
  "1900 BLOCK  E PRATHERSVILLE RD": [
    39.014874,
    -92.309407
  ],
  "2400 BLOCK  INDUSTRIAL DR": [
    38.97935,
    -92.372182
  ],
  "3800 BLOCK  SADDLEBROOK PL": [
    null,
    null
  ],
  "100 BLOCK  S TENTH ST": [
    null,
    null
  ],
  "2200 BLOCK  SMILEY LN": [
    38.9927558,
    -92.3060369
  ],
  "3000 BLOCK  S PROVIDENCE RD": [
    38.9183782,
    -92.3349355
  ],
  "1400 BLOCK  LAMBETH DR": [
    38.9652436,
    -92.2968026
  ],
  "2600 BLOCK  TRIMBLE RD": [
    38.9481075,
    -92.2976635
  ],
  "FORUM BLVD/MKT TRL": [
    null,
    null
  ],
  "3000 BLOCK  RANGE LINE ST": [
    38.980349,
    -92.326087
  ],
  "1000 BLOCK  CANTERBURY DR": [
    38.915305,
    -92.354271
  ],
  "E BROADWAY/N FOURTH ST": [
    null,
    null
  ],
  "1700 BLOCK  KITTY HAWK DR": [
    null,
    null
  ],
  "2500 BLOCK  NORTHAMPTON DR": [
    38.9124559,
    -92.3023489
  ],
  "2400 BLOCK  SPRUCE DR": [
    38.982406,
    -92.302343
  ],
  "E BUSINESS LOOP 70/N PROVIDENCE RD": [
    null,
    null
  ],
  "1500 BLOCK  FELLOWS PL": [
    38.9339489,
    -92.3244933
  ],
  "300 BLOCK  MCBAINE AVE": [
    38.9562724,
    -92.3423642
  ],
  "3100 BLOCK  CRABAPPLE LN": [
    38.8931963,
    -92.3840846
  ],
  "3300 BLOCK  JAMESDALE RD": [
    null,
    null
  ],
  "1100 BLOCK  KENNESAW RIDGE RD": [
    38.9884959,
    -92.3241199
  ],
  "3900 BLOCK  ST CHARLES RD": [
    38.9495936,
    -92.2808034
  ],
  "1000 BLOCK  E BROADWAY": [
    38.951423,
    -92.326276
  ],
  "0 BLOCK  N NINTH ST": [
    null,
    null
  ],
  "1200 BLOCK  I70 E": [
    null,
    null
  ],
  "200 BLOCK  E BROADWAY": [
    38.951568,
    -92.334982
  ],
  "BLUE RIDGE RD/NORTHLAND DR": [
    null,
    null
  ],
  "3400 BLOCK  OAKLAND PL": [
    38.9845263,
    -92.303815
  ],
  "100 BLOCK  ORR ST": [
    38.952641,
    -92.324929
  ],
  "300 BLOCK  RIPLEY ST": [
    38.953261,
    -92.3184675
  ],
  "11300 BLOCK  S AIRPORT DR": [
    null,
    null
  ],
  "ROSS ST/S WILLIAM ST": [
    null,
    null
  ],
  "CONNECTOR/CLARK LN": [
    null,
    null
  ],
  "200 BLOCK  UNITY DR": [
    38.956254,
    -92.34065
  ],
  "CLARK LN/HANOVER BLVD": [
    null,
    null
  ],
  "400 BLOCK  W PHYLLIS AVE": [
    38.97307,
    -92.3413146
  ],
  "1600 BLOCK  W BUSINESS LOOP 70": [
    null,
    null
  ],
  "5700 BLOCK  CANDLEWOOD DR": [
    38.988423,
    -92.25041
  ],
  "DISCOVERY PKWY OFFR NB/DISCOVERY PKWY": [
    null,
    null
  ],
  "400 BLOCK  S COLLEGE AVE": [
    38.9439924,
    -92.3221052
  ],
  "3900 BLOCK  AMARYLLIS CT": [
    38.961436,
    -92.3937852
  ],
  "1400 BLOCK  I70 DR SW": [
    null,
    null
  ],
  "400 BLOCK  E NIFONG BLVD": [
    38.9096839,
    -92.3377652
  ],
  "3100 BLOCK  WINGATE CT": [
    38.9573118,
    -92.2912639
  ],
  "400 BLOCK  S WILLIAM ST": [
    38.9449241,
    -92.3172028
  ],
  "0 BLOCK  E STADIUM BLVD": [
    38.9375459,
    -92.3324362
  ],
  "CHERRY ST/S NINTH ST": [
    null,
    null
  ],
  "5800 BLOCK  E ST CHARLES RD": [
    38.9498626,
    -92.2796599
  ],
  "100 BLOCK  E WALNUT ST": [
    38.952643,
    -92.336066
  ],
  "1800 BLOCK  BALLENGER LN": [
    38.9681044,
    -92.2656587
  ],
  "400 BLOCK  BREWER DR": [
    38.951547,
    -92.398044
  ],
  "3300 BLOCK  EAST BROWN STATION RD": [
    null,
    null
  ],
  "GRINDSTONE PKWY/ROCK QUARRY RD": [
    null,
    null
  ],
  "200 BLOCK  E BUSINESS LOOP 70": [
    null,
    null
  ],
  "4800 BLOCK  PARIS RD": [
    39.0003796,
    -92.2784989
  ],
  "E ST CHARLES RD OFFR EB/E ST CHARLES RD": [
    null,
    null
  ],
  "4500 BLOCK  N OAKLAND GRAVEL RD": [
    38.996022,
    -92.302081
  ],
  "0 BLOCK  N SEVENTH ST": [
    null,
    null
  ],
  "S OLD 63/E STADIUM BLVD": [
    null,
    null
  ],