{
  "2300 BLOCK  BERNADETTE DR": [
    38.9638232,
    -92.3756176
  ],
  "LASALLE PL/ALLEN ST": [
    null,
    null
  ],
  "700 BLOCK  N GARTH AVE": [
    38.9597881,
    -92.3386065
  ],
  "1300 BLOCK  WOODRAIL AVE": [
    38.9109695,
    -92.3625846
  ],
  "W BUSINESS LOOP 70/PARKADE BLVD": [
    null,
    null
  ],
  "N FAIRVIEW RD/W WORLEY ST": [
    null,
    null
  ],
  "E BUSINESS LOOP 70/PANNELL ST": [
    null,
    null
  ],
  "100 BLOCK  N KEENE ST": [
    38.9511945,
    -92.290422
  ],
  "2900 BLOCK  E BUSINESS LOOP 70": [
    null,
    null
  ],
  "2500 BLOCK  SPANISH BAY DR": [
    null,
    null
  ],
  "3100 BLOCK  W BROADWAY": [
    38.95439,
    -92.38307
  ],
  "700 BLOCK  SONDRA AVE": [
    38.97057,
    -92.34665
  ],
  "3100 BLOCK  WINGATE CT": [
    38.9573118,
    -92.2912639
  ],
  "S PROVIDENCE RD/MICK DEAVER DR": [
    null,
    null
  ],
  "300 BLOCK  BEAR CREEK TRL": [
    38.9831064,
    -92.316733
  ],
  "400 BLOCK  LOCUST ST": [
    38.9494374,
    -92.3260454
  ],
  "200 BLOCK  BEAR CREEK TRL": [
    38.9831064,
    -92.316733
  ],
  "800 BLOCK  N WILLIAM ST": [
    38.959888,
    -92.316328
  ],
  "1900 BLOCK  JACKSON ST": [
    38.9733082,
    -92.3489626
  ],
  "600 BLOCK  N GARTH AVE": [
    38.95932,
    -92.338629
  ],
  "500 BLOCK  PEAR TREE CIR": [
    38.8995292,
    -92.3521131
  ],
  "N STADIUM BLVD/W WORLEY ST": [
    null,
    null
  ],
  "100 BLOCK  S TENTH ST": [
    null,
    null
  ],
  "E BROADWAY/N WILLIAM ST": [
    null,
    null
  ],
  "3800 BLOCK  TRIPLE CROWN DR": [
    38.98864,
    -92.3179
  ],
  "1400 BLOCK  RANGE LINE ST": [
    38.965161,
    -92.324579
  ],
  "NELWOOD DR/PARIS RD": [
    null,
    null
  ],
  "900 BLOCK  E BROADWAY": [
    38.951374,
    -92.3274314
  ],
  "1200 BLOCK  PAQUIN ST": [
    38.947565,
    -92.323154
  ],
  "2100 BLOCK  E BROADWAY": [
    38.9464495,
    -92.2936149
  ],
  "600 BLOCK  E WALNUT ST": [
    38.9524286,
    -92.3299821
  ],
  "2500 BLOCK  BROADWAY BLUFFS DR": [
    null,
    null
  ],
  "0 BLOCK  S TENTH ST": [
    null,
    null
  ],
  "800 BLOCK  W BUSINESS LOOP 70": [
    null,
    null
  ],
  "700 BLOCK  WILKES BLVD": [
    38.960372,
    -92.329258
  ],
  "2200 BLOCK  I70 DR SW": [
    null,
    null
  ],
  "1000 BLOCK  E BROADWAY": [
    38.951423,
    -92.326276
  ],
  "1400 BLOCK  W BUSINESS LOOP 70": [
    null,
    null
  ],
  "1000 BLOCK  DUKE ST": [
    38.94151,
    -92.365768
  ],
  "CHAPEL HILL RD/COLONY DR": [
    null,
    null
  ],
  "2400 BLOCK  GLENN DR": [
    38.975542,
    -92.305852
  ],
  "3100 BLOCK  BASS PRO DR": [
    38.9728459,
    -92.2893701
  ],
  "E BROADWAY/S HWY 63 NB": [
    null,
    null
  ],
  "7000 BLOCK  N BUCKINGHAM SQ": [
    null,
    null
  ],
  "1100 BLOCK  E BUSINESS LOOP 70": [
    null,
    null
  ],
  "100 BLOCK  W SEXTON RD": [
    38.960341,
    -92.338886
  ],
  "VANDIVER DR/N HWY 63 NB": [
    null,
    null
  ],
  "1400 BLOCK  PARIS RD": [
    38.9582317,
    -92.3188284
  ],
  "N SIXTH ST/WILKES BLVD": [
    null,
    null
  ],
  "1300 BLOCK  CAROLINA DR": [
    null,
    null
  ],
  "1500 BLOCK  UNIVERSITY AVE": [
    38.946293,
    -92.317896
  ],
  "W SEXTON RD/MCBAINE AVE": [
    null,
    null
  ],
  "4100 BLOCK  BETHEL ST": [
    38.9043487,
    -92.3448964
  ],
  "1600 BLOCK  HANOVER BLVD": [
    38.9686478,
    -92.2800349
  ],
  "S PROVIDENCE RD/E STEWART RD": [
    null,
    null
  ],
  "CARRIE FRANCKE DR/S PROVIDENCE RD": [
    null,
    null
  ],
  "BRADINGTON DR/E GANS RD": [
    null,
    null
  ],
  "5400 BLOCK  CLARK LN": [
    38.963121,
    -92.255539
  ],
  "3200 BLOCK  E STADIUM BLVD": [
    38.9321585,
    -92.2910397
  ],
  "200 BLOCK  WESTRIDGE DR": [
    38.9500678,
    -92.36036
  ],
  "1600 BLOCK  E BROADWAY": [
    38.9489112,
    -92.3157216
  ],
  "5800 BLOCK  E ST CHARLES RD": [
    38.9498626,
    -92.2796599
  ],
  "2300 BLOCK  WHITE GATE DR": [
    null,
    null
  ],
  "1200 BLOCK  CINNAMON HILL LN": [
    38.9361801,
    -92.2941644
  ],
  "500 BLOCK  E NIFONG BLVD": [
    38.9096839,
    -92.3377652
  ],
  "2700 BLOCK  N GARTH AVE": [
    38.979415,
    -92.338037
  ],
  "4600 BLOCK  WACO RD": [
    39.0114337,
    -92.2681098
  ],
  "2900 BLOCK  NORTHLAND DR": [
    38.9800371,
    -92.3173991
  ],
  "N FIFTH ST/LYON ST": [
    null,
    null
  ],
  "200 BLOCK  S ANN ST": [
    38.9489716,
    -92.3142567
  ],
  "500 BLOCK  N COLLEGE AVE": [
    38.9491539,
    -92.321944
  ],
  "1800 BLOCK  SPIROS DR": [
    38.969504,
    -92.264339
  ],
  "1400 BLOCK  DORIS DR": [
    38.969517,
    -92.351612
  ],
  "N GARTH AVE/AUSTIN AVE": [
    null,
    null
  ],
  "3200 BLOCK  OAK LAWN DR": [
    38.9166806,
    -92.3533281
  ],
  "200 BLOCK  N STADIUM BLVD": [
    38.9676217,
    -92.3712517
  ],
  "4400 BLOCK  RAINBOW TROUT DR": [
    38.945141,
    -92.402728
  ],
  "1600 BLOCK  AMELIA ST": [
    38.958266,
    -92.316393
  ],
  "700 BLOCK  KING AVE": [
    null,
    null
  ],
  "800 BLOCK  CLAUDELL LN": [
    38.963294,
    -92.364669
  ],
  "0 BLOCK  FOURTH AVE": [
    null,
    null
  ],
  "2000 BLOCK  DOGWOOD LN": [
    38.9662185,
    -92.3102064
  ],
  "100 BLOCK  S PROVIDENCE RD": [
    38.950494,
    -92.33404
  ],
  "4000 BLOCK  S BEARFIELD RD": [
    38.904254,
    -92.30405
  ],
  "600 BLOCK  CLAUDELL LN": [
    38.9621312,
    -92.3648579
  ],
  "200 BLOCK  N PROVIDENCE RD": [
    38.9686687,
    -92.3338276
  ],
  "2700 BLOCK  ANDY DR": [
    38.978211,
    -92.305071
  ],
  "CLARK LN/CONNECTOR": [
    null,
    null
  ],
  "1000 BLOCK  CLAUDELL LN": [
    38.9621312,
    -92.3648579
  ],
  "1400 BLOCK  FORUM BLVD": [
    38.9371241,
    -92.3582898
  ],
  "4900 BLOCK  MONITEAU CT": [
    38.9741461,
    -92.2631727
  ],
  "0 BLOCK  N KEENE ST": [
    38.9548685,
    -92.2900664
  ],
  "W FOREST AVE/JEFFERSON ST": [
    null,
    null
  ],
  "4501 STONE MOUNTAIN PKWY": [
    38.9308707,
    -92.2597533
  ],
  "4814-A E SCHOONER RD": [
    null,
    null
  ],
  "700-309 N GARTH AVE": [
    38.9615909,
    -92.3386833
  ],
  "3929 PARIS RD": [
    38.9908531,
    -92.2843521
  ],
  "ATKINS DR/W BROADWAY": [
    null,
    null
  ],
  "106 GONDOLIER DR": [
    38.9957643,
    -92.3358663
  ],
  "1515 WHITBURN DR": [
    38.9005191,
    -92.362157
  ],
  "1408 W BUSINESS LOOP 70": [
    null,
    null
  ],
  "14800 N HWY 124": [
    null,
    null
  ],
  "N STADIUM BLVD/BERNADETTE DR": [
    null,
    null
  ],
  "2509 HOLLYHOCK DR": [
    38.9801516,
    -92.3752463
  ],
  "109-336 N KEENE ST": [
    null,
    null
  ],
  "3151 S ROLLING HILLS RD": [
    38.9149183,
    -92.2574124
  ],
  "7200 E MEXICO GRAVEL RD": [
    38.984798,
    -92.2281086
  ],
  "113 N GREENWOOD AVE": [
    38.953873,
    -92.350674
  ],
  "1201-508 PAQUIN ST": [
    null,
    null
  ],
  "2910 HADEN DR": [
    38.9803244,
    -92.317544
  ],
  "1600-8D HANOVER BLVD": [
    null,
    null
  ],
  "502 KENTUCKY BLVD": [
    38.9391415,
    -92.3320008
  ],
  "233 E CLEARVIEW DR": [
    null,
    null
  ],
  "4 E BUSINESS LOOP 70": [
    null,
    null
  ],
  "4447 E SANTA ANNA DR": [
    38.9353278,
    -92.2712088
  ],
  "3015 CHINABERRY DR": [
    38.9162112,
    -92.3024085
  ],
  "1900-100 N PROVIDENCE RD": [
    null,
    null
  ],
  "5410 CLARK LN": [
    38.9618723,
    -92.2544224
  ],
  "90-229 E LESLIE LN": [
    38.9721107,
    -92.336037
  ],
  "911 RANGE LINE ST": [
    38.9603396,
    -92.3249057
  ],
  "3609 HOLLY HILLS CT": [
    38.9259819,
    -92.3902916
  ],
  "916 BERNADETTE DR": [
    38.9648888,
    -92.3679144
  ],
  "5751 COMPASSION CIR": [
    null,
    null
  ],
  "1000 ROLLINS ST": [
    38.942098,
    -92.3266748
  ],
  "1601-9C HANOVER BLVD": [
    null,
    null
  ],
  "N STADIUM BLVD/ROSE DR": [
    null,
    null
  ],
  "4 FOURTH AVE": [
    null,
    null
  ],
  "2510 SOUTH LEISURELY WAY": [
    38.9795638,
    -92.3011323
  ],
  "610-BLK CLAUDELL LN": [
    null,
    null
  ],
  "5200 SANDSTONE DR": [
    38.9864792,
    -92.2584844
  ],