{
  "200 BLOCK N OLD 63": [
    38.956433,
    -92.3120166
  ],
  "E BUSINESS LOOP 70/RANGE LINE ST": [
    38.964047,
    -92.3247354
  ],
  "100 BLOCK E NIFONG BLVD": [
    38.9094929,
    -92.3379073
  ],
  "700 BLOCK PEAR TREE CIR": [
    38.8995312,
    -92.3531711
  ],
  "900 BLOCK CONLEY RD": [
    38.959457,
    -92.293232
  ],
  "400 BLOCK MAPLEWOOD DR": [
    38.9492874,
    -92.3617075
  ],
  "3700 BLOCK CITATION DR": [
    38.987768,
    -92.313473
  ],
  "3400 BLOCK RANGE LINE ST": [
    38.9842035,
    -92.3258644
  ],
  "BASIN DR/ORLEANS DR": [
    null,
    null
  ],
  "3000 BLOCK S PROVIDENCE RD": [
    38.9183782,
    -92.3349355
  ],
  "1200 BLOCK GRINDSTONE PKWY": [
    38.912845,
    -92.2950012
  ],
  "500 BLOCK E NIFONG BLVD": [
    38.9096839,
    -92.3377652
  ],
  "1100 BLOCK VANDIVER DR": [
    38.971057,
    -92.323384
  ],
  "5500 BLOCK VOLUNTEER DR": [
    38.9502178,
    -92.2541956
  ],
  "1200 BLOCK PAQUIN ST": [
    38.947565,
    -92.323154
  ],
  "400 BLOCK BURNING BUSH RD": [
    39.008050609649,
    -92.331648450432
  ],
  "2800 BLOCK LYNNWOOD DR": [
    38.9206077,
    -92.350695
  ],
  "100 BLOCK OAK ST": [
    38.9559567,
    -92.3405065
  ],
  "3600 BLOCK W BROADWAY": [
    38.9553665,
    -92.387306
  ],
  "0 BLOCK BEAR CREEK TRL": [
    38.9831064,
    -92.316733
  ],
  "1400 BLOCK W BUSINESS LOOP 70": [
    38.964817408966,
    -92.356199276018
  ],
  "1800 BLOCK SYLVAN LN": [
    38.970442,
    -92.301032
  ],
  "200 BLOCK E BROADWAY": [
    38.951568,
    -92.334982
  ],
  "3200 BLOCK CLARK LN": [
    38.9637673,
    -92.2910886
  ],
  "2200 BLOCK BENNETT SPRINGS DR": [
    38.9250085,
    -92.3344455
  ],
  "5100 BLOCK E ST CHARLES RD": [
    38.9498626,
    -92.2796599
  ],
  "3300 BLOCK LEMONE INDUSTRIAL BLVD": [
    38.9170461,
    -92.291605
  ],
  "BODIE DR/CURRITUCK LN": [
    39.0058988,
    -92.3179555
  ],
  "100 BLOCK W SEXTON RD": [
    38.960341,
    -92.338886
  ],
  "E NIFONG BLVD/S PROVIDENCE RD": [
    38.9102082,
    -92.3347415
  ],
  "N HWY 63 NB/CONLEY RD": [
    null,
    null
  ],
  "2000 BLOCK W BUSINESS LOOP 70": [
    38.964903321919,
    -92.361043301352
  ],
  "300 BLOCK PORT WAY": [
    38.9574461,
    -92.251633
  ],
  "400 BLOCK CONLEY RD": [
    38.9568306,
    -92.2941439
  ],
  "3200 BLOCK E STADIUM BLVD": [
    38.9321585,
    -92.2910397
  ],
  "2600 BLOCK EASTWOOD DR": [
    38.964528,
    -92.299056
  ],
  "1300 BLOCK VALLEY CREEK LN": [
    38.963822,
    -92.256631
  ],
  "1400 BLOCK CINNAMON HILL LN": [
    38.934309,
    -92.2930079
  ],
  "200 BLOCK BENTON ST": [
    38.96209,
    -92.341088
  ],
  "1000 BLOCK SMILEY LN": [
    38.9926613,
    -92.3252656
  ],
  "2100 BLOCK N GARTH AVE": [
    38.974161,
    -92.33822
  ],
  "5300 BLOCK CURRITUCK LN": [
    39.006017,
    -92.317937
  ],
  "3800 BLOCK IVANHOE BLVD": [
    38.963514,
    -92.3913918
  ],
  "4000 BLOCK W WORLEY ST": [
    38.961867,
    -92.390587
  ],
  "600 BLOCK E WALNUT ST": [
    38.9524286,
    -92.3299821
  ],
  "4100 BLOCK W WORLEY ST": [
    38.962196,
    -92.3912726
  ],
  "1000 BLOCK ELLETA BLVD": [
    38.974968,
    -92.3242705
  ],
  "3100 BLOCK CLARK LN": [
    38.963673,
    -92.289167
  ],
  "1000 BLOCK W WORLEY ST": [
    38.959208,
    -92.3530214
  ],
  "3000 BLOCK FALLING LEAF CT": [
    38.916559,
    -92.295311
  ],
  "PAYSON DR/RYEFIELD RDG": [
    null,
    null
  ],
  "200 BLOCK E BUSINESS LOOP 70": [
    38.9650344,
    -92.3370616
  ],
  "100 BLOCK S FOURTH ST": [
    38.950419,
    -92.33288
  ],
  "2200 BLOCK SHAMROCK DR": [
    38.974183,
    -92.254684
  ],
  "100 BLOCK GRANADA BLVD": [
    38.910294,
    -92.340645
  ],
  "4700 BLOCK RAINBOW TROUT DR": [
    38.945383,
    -92.40529
  ],
  "1600 BLOCK HANOVER BLVD": [
    38.9686478,
    -92.2800349
  ],
  "2700 BLOCK E BROADWAY": [
    38.9464495,
    -92.2936149
  ],
  "ALTON AVE/N SEVENTH ST": [
    38.9596016,
    -92.3294445
  ],
  "N PROVIDENCE RD/AMAZON DR": [
    38.9867081,
    -92.3332568
  ],
  "400 BLOCK LOCUST ST": [
    38.9494374,
    -92.3260454
  ],
  "1200 BLOCK UNIVERSITY AVE": [
    38.9460523,
    -92.3229398
  ],
  "BROWN STATION RD/LAWNRIDGE CT": [
    38.9883749,
    -92.2931157
  ],
  "3800 BLOCK IGUANA DR": [
    38.9885088,
    -92.3374367
  ],
  "4400 BLOCK BROWN STATION RD": [
    38.995007,
    -92.28933
  ],
  "3400 BLOCK SQUIRREL DR": [
    38.986703,
    -92.336493
  ],
  "2300 BLOCK LONGWOOD DR": [
    38.8706166,
    -92.3789691
  ],
  "1700 BLOCK N PROVIDENCE RD": [
    38.9707502,
    -92.3335035
  ],
  "3700 BLOCK FORUM BLVD": [
    38.9119494,
    -92.352849
  ],
  "2300 BLOCK CARPENTER DR": [
    38.97491,
    -92.306418
  ],
  "6300 BLOCK LEUPOLD CT": [
    39.0191681,
    -92.2725259
  ],
  "1 MOHAWK CT": [
    38.975197,
    -92.262811
  ],
  "3100-807 I70 DR SE": [
    38.960237476054,
    -92.291224305619
  ],
  "14775 S HWY DD": [
    null,
    null
  ],
  "15 FLEMING DR": [
    38.907776,
    -92.286455
  ],
  "1312 UNIVERSITY AVE": [
    38.9463057,
    -92.3207416
  ],
  "3617 EVERGREEN LN": [
    38.9589858,
    -92.2829289
  ],
  "3609 MADERA DR": [
    38.9120092,
    -92.3410596
  ],
  "802-102 WASHINGTON AVE": [
    38.9600724,
    -92.3314094
  ],
  "2220 COUNTRY LN": [
    38.9606037,
    -92.303294
  ],
  "7711-D N SHARIDAN BLVD": [
    null,
    null
  ],
  "5101 SILVER MILL DR": [
    39.0057849,
    -92.3319575
  ],
  "315 MCBAINE AVE": [
    38.9566831,
    -92.342445
  ],
  "619 HUNTRIDGE DR": [
    38.9181947,
    -92.3318559
  ],
  "3905 CLARK LN": [
    38.9641765,
    -92.2782871
  ],
  "3750-1215 MILLER DR": [
    38.9092421,
    -92.2903328
  ],
  "1201-1513 PAQUIN ST": [
    38.94773,
    -92.32315
  ],
  "2916-C LAWNRIDGE CT": [
    38.9883957,
    -92.2938882
  ],
  "1240 I70 E": [
    38.964281593318,
    -92.356609390917
  ],
  "2806-B6 ROLLINS RD": [
    null,
    null
  ],
  "1907 PARKADE BLVD": [
    38.9723187,
    -92.3434951
  ],
  "7716 E EAST RAINBOW DR": [
    38.951412,
    -92.222619
  ],
  "214-23 N OLD 63": [
    38.956433,
    -92.3120166
  ],
  "3917 TOLARIAN DR": [
    38.9655739,
    -92.3937549
  ],
  "4103 SPRING CRESS DR": [
    38.99194,
    -92.252232
  ],
  "5207 CLAYBROOK CT": [
    38.8968313,
    -92.4028657
  ],
  "3301 LEMONE INDUSTRIAL BLVD": [
    38.9143231,
    -92.2925754
  ],
  "1605 GLENOVER CT": [
    38.9681918,
    -92.2810069
  ],
  "101 W SEXTON RD": [
    38.960493,
    -92.338806
  ],
  "900-BLK ASHLEY DR": [
    38.9368447,
    -92.3189785
  ],
  "1035 YALE": [
    38.9417694,
    -92.3704673
  ],
  "4104 CURRENT RD": [
    38.927575,
    -92.397723
  ],
  "4700-223 BRANDON WOODS ST": [
    38.8987082,
    -92.3434251
  ],
  "50 A5": [
    38.951883,
    -92.3337366
  ],
  "3301-136 LEMONE INDUSTRIAL BLVD": [
    38.9224063,
    -92.2914989
  ],
  "706 N SIXTH ST": [
    38.9588837,
    -92.3303903
  ],
  "ELM ST/ELIZABETH ST": [
    39.1171867,
    -92.2172432
  ],
  "404 BREWER DR": [
    38.9517045,
    -92.397889
  ],
  "8400 N BUCK RD": [
    39.045682789209,
    -92.270899585371
  ],
  "521 S COLLEGE AVE": [
    38.9448697,
    -92.322998
  ],
  "208 HICKS DR": [
    38.9591408,
    -92.3407388
  ],
  "5203 PULASKI DR": [
    38.9720328,
    -92.2573254
  ],
  "122 REEDSPORT RDG": [
    38.958864,
    -92.400778
  ],
  "1406 GRINDSTONE PKWY": [
    38.9135264,
    -92.318523
  ],
  "7-101 KIPLING WAY": [
    38.9476523,
    -92.278582
  ],
  "3501-85 NEW HAVEN RD": [
    38.912558,
    -92.28534
  ],
  "3408 NOTTINGHAM CT": [
    38.996727902459,
    -92.286093970982
  ],
  "1018 COLBY DR": [
    38.941296,
    -92.3642613
  ],
  "4823-B E PRAIRIE CIR": [
    null,
    null
  ],
  "704-C DEMARET DR": [
    38.9608574,
    -92.2405704
  ],
  "2223 BLUFF BLVD": [
    38.9422293,
    -92.305702
  ],
  "2664 N LAKE OF THE WOODS RD": [
    38.976445,
    -92.2456464
  ],
  "3705-619 FORUM BLVD": [
    38.910555,
    -92.353354
  ],
  "N PROVIDENCE RD OFFR EB/I70 E": [
    null,
    null
  ],